{
        "time": 25095,
        "amount": 3.12,
        "V1": 1.19239598990768,
        "V2": 1.33897371069007,
        "V3": -0.678876186687009,
        "V4": 3.1236723071222,
        "V5": 0.643244863589275,
        "V6": -1.18432299431215,
        "V7": 0.397585526006899,
        "V8": -0.253498538261658,
        "V9": 0.41113497684127,
        "V10": -0.859862301810301,
        "V11": 1.124059382453,
        "V12": -3.76387384832398,
        "V13": 0.367975966769142,
        "V14": -0.971757538368114,
        "V15": -0.0138825132357776,
        "V16": 1.45757852763076,
        "V17": 2.61145033447876,
        "V18": 1.2919552295122,
        "V19": -1.56381522671193,
        "V20": -0.185454650142832,
        "V21": -0.377503243008699,
        "V22": -0.889596747960403,
        "V23": -0.0742075893964193,
        "V24": 0.0354455164139561,
        "V25": 0.550577974200231,
        "V26": -0.0271712789934873,
        "V27": -0.0249206212266212,
        "V28": 0.0736053986634045
    }
    {
        "time": 25102,
        "amount": 2.98,
        "V1": 1.08462734981234,
        "V2": 1.22546382971245,
        "V3": -0.712345671234561,
        "V4": 2.98765432123456,
        "V5": 0.587654321234567,
        "V6": -1.12345678912346,
        "V7": 0.365432198765432,
        "V8": -0.287654321098765,
        "V9": 0.376543210987654,
        "V10": -0.765432109876543,
        "V11": 1.09876543210988,
        "V12": -3.65432109876543,
        "V13": 0.321098765432109,
        "V14": -0.876543210987654,
        "V15": -0.0212345678901234,
        "V16": 1.36543210987654,
        "V17": 2.49876543210988,
        "V18": 1.18765432109876,
        "V19": -1.49876543210988,
        "V20": -0.165432109876543,
        "V21": -0.354321098765432,
        "V22": -0.765432109876543,
        "V23": -0.0876543210987654,
        "V24": 0.043210987654321,
        "V25": 0.498765432109876,
        "V26": -0.0321098765432099,
        "V27": -0.0198765432098765,
        "V28": 0.0654321098765432
    }
    {
        "time": 25108,
        "amount": 3.45,
        "V1": 1.15432109876543,
        "V2": 1.28765432109877,
        "V3": -0.654321098765432,
        "V4": 3.05432109876543,
        "V5": 0.621098765432109,
        "V6": -1.15432109876543,
        "V7": 0.387654321098765,
        "V8": -0.254321098765432,
        "V9": 0.421098765432109,
        "V10": -0.821098765432109,
        "V11": 1.15432109876543,
        "V12": -3.72109876543211,
        "V13": 0.354321098765432,
        "V14": -0.921098765432109,
        "V15": -0.0154321098765432,
        "V16": 1.42109876543211,
        "V17": 2.56543210987654,
        "V18": 1.25432109876543,
        "V19": -1.52109876543211,
        "V20": -0.175432109876543,
        "V21": -0.365432109876543,
        "V22": -0.854321098765432,
        "V23": -0.0765432098765432,
        "V24": 0.0376543209876543,
        "V25": 0.521098765432109,
        "V26": -0.0287654321098765,
        "V27": -0.0234567890123457,
        "V28": 0.0712345679012346
    }
    {
        "time": 25115,
        "amount": 3.21,
        "V1": 1.12345678901235,
        "V2": 1.26543210987654,
        "V3": -0.698765432098765,
        "V4": 3.09876543210988,
        "V5": 0.598765432098765,
        "V6": -1.17654320987654,
        "V7": 0.376543209876543,
        "V8": -0.265432109876543,
        "V9": 0.398765432098765,
        "V10": -0.798765432098765,
        "V11": 1.13209876543211,
        "V12": -3.69876543209877,
        "V13": 0.34320987654321,
        "V14": -0.898765432098765,
        "V15": -0.0187654320987654,
        "V16": 1.39876543209877,
        "V17": 2.54320987654321,
        "V18": 1.22109876543211,
        "V19": -1.48765432098765,
        "V20": -0.187654320987654,
        "V21": -0.376543209876543,
        "V22": -0.84320987654321,
        "V23": -0.0821098765432099,
        "V24": 0.0321098765432099,
        "V25": 0.54320987654321,
        "V26": -0.0265432098765432,
        "V27": -0.0210987654320988,
        "V28": 0.0687654320987654
    }
    {
        "time": 25122,
        "amount": 3.67,
        "V1": 1.17654320987654,
        "V2": 1.32109876543211,
        "V3": -0.63210987654321,
        "V4": 3.16543210987654,
        "V5": 0.665432109876543,
        "V6": -1.13209876543211,
        "V7": 0.421098765432109,
        "V8": -0.23210987654321,
        "V9": 0.44320987654321,
        "V10": -0.887654320987654,
        "V11": 1.17654320987654,
        "V12": -3.76543210987654,
        "V13": 0.387654321098765,
        "V14": -0.94320987654321,
        "V15": -0.0123456789012346,
        "V16": 1.47654320987654,
        "V17": 2.65432109876543,
        "V18": 1.28765432109877,
        "V19": -1.54320987654321,
        "V20": -0.154321098765432,
        "V21": -0.387654320987654,
        "V22": -0.876543209876543,
        "V23": -0.0654321098765432,
        "V24": 0.0454321098765432,
        "V25": 0.565432109876543,
        "V26": -0.0321098765432099,
        "V27": -0.0265432098765432,
        "V28": 0.0765432098765432
    }
    {
        "time": 25129,
        "amount": 2.87,
        "V1": 1.09876543210988,
        "V2": 1.19876543209877,
        "V3": -0.721098765432109,
        "V4": 2.94320987654321,
        "V5": 0.54320987654321,
        "V6": -1.19876543209877,
        "V7": 0.34320987654321,
        "V8": -0.298765432098765,
        "V9": 0.365432109876543,
        "V10": -0.74320987654321,
        "V11": 1.08765432098765,
        "V12": -3.63210987654321,
        "V13": 0.298765432098765,
        "V14": -0.854321098765432,
        "V15": -0.0245679012345679,
        "V16": 1.32109876543211,
        "V17": 2.4320987654321,
        "V18": 1.15432109876543,
        "V19": -1.4320987654321,
        "V20": -0.198765432098765,
        "V21": -0.34320987654321,
        "V22": -0.732098765432099,
        "V23": -0.0921098765432099,
        "V24": 0.0287654320987654,
        "V25": 0.487654320987654,
        "V26": -0.0234567890123457,
        "V27": -0.0187654320987654,
        "V28": 0.0623456789012346
    }
    {
        "time": 25136,
        "amount": 3.33,
        "V1": 1.14320987654321,
        "V2": 1.25432109876543,
        "V3": -0.665432109876543,
        "V4": 3.07654320987654,
        "V5": 0.609876543209877,
        "V6": -1.14320987654321,
        "V7": 0.398765432098765,
        "V8": -0.24320987654321,
        "V9": 0.409876543209877,
        "V10": -0.809876543209877,
        "V11": 1.14320987654321,
        "V12": -3.70987654320988,
        "V13": 0.365432109876543,
        "V14": -0.909876543209877,
        "V15": -0.0165432098765432,
        "V16": 1.40987654320988,
        "V17": 2.50987654320988,
        "V18": 1.24320987654321,
        "V19": -1.50987654320988,
        "V20": -0.176543209876543,
        "V21": -0.354320987654321,
        "V22": -0.809876543209877,
        "V23": -0.0720987654320988,
        "V24": 0.0398765432098765,
        "V25": 0.509876543209877,
        "V26": -0.0298765432098765,
        "V27": -0.024320987654321,
        "V28": 0.0698765432098765
    }
    {
        "time": 25143,
        "amount": 3.09,
        "V1": 1.16543210987654,
        "V2": 1.29876543209877,
        "V3": -0.64320987654321,
        "V4": 3.14320987654321,
        "V5": 0.632098765432099,
        "V6": -1.16543210987654,
        "V7": 0.412345678901235,
        "V8": -0.223456789012346,
        "V9": 0.432098765432099,
        "V10": -0.84320987654321,
        "V11": 1.15432098765432,
        "V12": -3.74320987654321,
        "V13": 0.376543209876543,
        "V14": -0.932098765432099,
        "V15": -0.0134567890123457,
        "V16": 1.45432098765432,
        "V17": 2.59876543209877,
        "V18": 1.26543209876543,
        "V19": -1.5210987654321,
        "V20": -0.165432109876543,
        "V21": -0.376543209876543,
        "V22": -0.865432098765432,
        "V23": -0.0687654320987654,
        "V24": 0.0432098765432099,
        "V25": 0.54320987654321,
        "V26": -0.0310987654320988,